<?xml version="1.0" encoding="utf-8"?>
<!--/639285/1841791/2.50/4/2/Crystal or Oscillator/-->
<quadcept_library>
  <setting unit="mil" />
  <textstyle name="Default" height="47.244094488189" strokewidth="7.8740157480315" charwidth="47.244094488189" />
  <textstyle name="Dimension" height="19.6850393700787" strokewidth="0" charwidth="19.6850393700787" />
  <textstyle name="H127W0635TH00762" height="50" strokewidth="3" charwidth="25" />
  <textstyle name="H15W15TH02" height="59.0551181102362" strokewidth="7.8740157480315" charwidth="59.0551181102362" />
  <padstyle name="r130_105" surface="True" plated="False" isvia="False" nopaste="False" nomask="True" complex="False" holesize="0">
    <padshape layer="TOP" shape="rectangle" width="41.338582677165" height="51.181102362204" />
    <padshape layer="TOP_SOLDER_MASK" shape="rectangle" width="49.212598425196" height="59.055118110235" />
    <padshape layer="TOP_SOLDER_PASTE" shape="rectangle" width="41.338582677165" height="51.181102362204" />
  </padstyle>
  <footprint name="ABM810000MHZ12D2W" originx="0" originy="0" pickpointx="0" pickpointy="0">
    <pcbpin number="1" name="1" style="r130_105" originx="-45.275590551181" originy="-36.417322834645" rotation="90" />
    <pcbpin number="2" name="2" style="r130_105" originx="45.275590551181" originy="-36.417322834645" rotation="90" />
    <pcbpin number="3" name="3" style="r130_105" originx="45.275590551181" originy="36.417322834645" rotation="90" />
    <pcbpin number="4" name="4" style="r130_105" originx="-45.275590551181" originy="36.417322834645" rotation="90" />
    <line layer="TOP_ASSEMBLY" originx="-62.992125984251" originy="49.212598425196" endx="62.992125984251" endy="49.212598425196" width="7.8740157480314" />
    <line layer="TOP_ASSEMBLY" originx="62.992125984251" originy="49.212598425196" endx="62.992125984251" endy="-49.212598425196" width="7.8740157480314" />
    <line layer="TOP_ASSEMBLY" originx="62.992125984251" originy="-49.212598425196" endx="-62.992125984251" endy="-49.212598425196" width="7.8740157480314" />
    <line layer="TOP_ASSEMBLY" originx="-62.992125984251" originy="-49.212598425196" endx="-62.992125984251" endy="49.212598425196" width="7.8740157480314" />
    <line layer="TOP_PLACE_BOUND" originx="-110.23622047244" originy="96.456692913385" endx="110.23622047244" endy="96.456692913385" width="3.9370078740157" />
    <line layer="TOP_PLACE_BOUND" originx="110.23622047244" originy="96.456692913385" endx="110.23622047244" endy="-113.66141732283" width="3.9370078740157" />
    <line layer="TOP_PLACE_BOUND" originx="110.23622047244" originy="-113.66141732283" endx="-110.23622047244" endy="-113.66141732283" width="3.9370078740157" />
    <line layer="TOP_PLACE_BOUND" originx="-110.23622047244" originy="-113.66141732283" endx="-110.23622047244" endy="96.456692913385" width="3.9370078740157" />
    <line layer="TOP_SILKSCREEN" originx="-49.212598425196" originy="-72.992125984251" endx="-49.212598425196" endy="-72.992125984251" width="7.8740157480314" />
    <arc layer="TOP_SILKSCREEN" originx="-45.275590551181" originy="-72.992125984251" startangle="180.0" sweepangle="180.0" radius="3.9370078740157" width="7.8740157480314" />
    <line layer="TOP_SILKSCREEN" originx="-41.338582677165" originy="-72.992125984251" endx="-41.338582677165" endy="-72.992125984251" width="7.8740157480314" />
    <arc layer="TOP_SILKSCREEN" originx="-45.275590551181" originy="-72.992125984251" startangle=".0" sweepangle="180.0" radius="3.9370078740157" width="7.8740157480314" />
    <line layer="TOP_SILKSCREEN" originx="-7.8740157480314" originy="49.212598425196" endx="7.8740157480314" endy="49.212598425196" width="7.8740157480314" />
    <line layer="TOP_SILKSCREEN" originx="-7.8740157480314" originy="-49.212598425196" endx="7.8740157480314" endy="-49.212598425196" width="7.8740157480314" />
  </footprint>
  <symbol name="ABM8-16.000MHZ-10-1-U-T" originx="0" originy="0">
    <line originx="200" originy="100" endx="1000" endy="100" width="0" />
    <line originx="1000" originy="-200" endx="1000" endy="100" width="0" />
    <line originx="1000" originy="-200" endx="200" endy="-200" width="0" />
    <line originx="200" originy="100" endx="200" endy="-200" width="0" />
    <sympin number="1" originx="200" originy="-100" rotation="180" length="100" width="7.8740157480315" flipped="False">
      <text name="pinname" originx="230" originy="-100" style="Default" rotation="0" justify="left" flipped="False" hidden="False" data="X1" />
      <text name="pindes" originx="140" originy="-80" style="Default" rotation="0" justify="lowerright" flipped="False" hidden="False" data="1" />
    </sympin>
    <sympin number="2" originx="1000" originy="-100" rotation="0" length="100" width="7.8740157480315" flipped="False">
      <text name="pinname" originx="970" originy="-100" style="Default" rotation="0" justify="right" flipped="False" hidden="False" data="GND_1" />
      <text name="pindes" originx="1060" originy="-80" style="Default" rotation="0" justify="lowerleft" flipped="False" hidden="False" data="2" />
    </sympin>
    <sympin number="3" originx="1000" originy="0" rotation="0" length="100" width="7.8740157480315" flipped="False">
      <text name="pinname" originx="970" originy="0" style="Default" rotation="0" justify="right" flipped="False" hidden="False" data="X2" />
      <text name="pindes" originx="1060" originy="20" style="Default" rotation="0" justify="lowerleft" flipped="False" hidden="False" data="3" />
    </sympin>
    <sympin number="4" originx="200" originy="0" rotation="180" length="100" width="7.8740157480315" flipped="False">
      <text name="pinname" originx="230" originy="0" style="Default" rotation="0" justify="left" flipped="False" hidden="False" data="GND_2" />
      <text name="pindes" originx="140" originy="20" style="Default" rotation="0" justify="lowerright" flipped="False" hidden="False" data="4" />
    </sympin>
  </symbol>
  <component name="ABM8-16.000MHZ-10-1-U-T" designatorprefix="Y" height="31.496062992126" footprint="ABM810000MHZ12D2W">
    <comppin designator="1" sympin="1" pinswap="0" gateswap="0" gate="1" group="1" side="" type="Any" name="X1" />
    <comppin designator="2" sympin="2" pinswap="0" gateswap="0" gate="1" group="1" side="" type="Any" name="GND_1" />
    <comppin designator="3" sympin="3" pinswap="0" gateswap="0" gate="1" group="1" side="" type="Any" name="X2" />
    <comppin designator="4" sympin="4" pinswap="0" gateswap="0" gate="1" group="1" side="" type="Any" name="GND_2" />
    <attached_symbol gate="1" name="ABM8-16.000MHZ-10-1-U-T" />
    <pinmap designator="1" footprintpin="1" />
    <pinmap designator="2" footprintpin="2" />
    <pinmap designator="3" footprintpin="3" />
    <pinmap designator="4" footprintpin="4" />
    <text name="Datasheet" originx="0" originy="0" style="Default" rotation="0" justify="" flipped="False" hidden="True" data="https://abracon.com/Resonators/abm8.pdf" />
    <text name="Description" originx="0" originy="0" style="Default" rotation="0" justify="" flipped="False" hidden="True" data="16 MHz +/-10ppm Crystal 10pF 70 Ohms 4-SMD, No Lead" />
    <text name="Mouser Part Number" originx="0" originy="0" style="Default" rotation="0" justify="" flipped="False" hidden="True" data="815-ABM8-16.0-10-1UT" />
    <text name="Mouser Price/Stock" originx="0" originy="0" style="Default" rotation="0" justify="" flipped="False" hidden="True" data="https://www.mouser.co.uk/ProductDetail/ABRACON/ABM8-16.000MHZ-10-1-U-T?qs=76dmnhCH%2FMPE6VptGf62ew%3D%3D" />
    <text name="Manufacturer_Name" originx="0" originy="0" style="Default" rotation="0" justify="" flipped="False" hidden="True" data="ABRACON" />
    <text name="Manufacturer_Part_Number" originx="1050" originy="200" style="Default" rotation="0" justify="left" flipped="False" hidden="False" data="ABM8-16.000MHZ-10-1-U-T" />
  </component>
</quadcept_library>
